{"accuracy": [0.4920245409011841, 0.5214723944664001, 0.4932515323162079, 0.48588958382606506, 0.5153374075889587, 0.4969325065612793, 0.48466256260871887, 0.5018404722213745, 0.525153398513794, 0.4957055151462555, 0.5226994156837463], "loss": [1.0703636407852173, 1.0560132265090942, 0.987822413444519, 0.9370339512825012, 0.9029620289802551, 0.9388406276702881, 0.8780550360679626, 0.8193867206573486, 0.8186131119728088, 0.8595370650291443, 0.7955302000045776], "val_accuracy": [0.5098039507865906, 0.4803921580314636, 0.4852941036224365, 0.5392156839370728, 0.4852941036224365, 0.5245097875595093, 0.4901960790157318, 0.5392156839370728, 0.4901960790157318, 0.4901960790157318, 0.4901960790157318], "val_loss": [0.796264111995697, 0.6826716661453247, 0.7509665489196777, 0.6752364039421082, 0.8315204381942749, 0.6878744959831238, 2.462972640991211, 0.6768426299095154, 1.5408307313919067, 1.409032940864563, 1.3632174730300903], "learning_rate": [0.0010000000474974513, 0.0010000000474974513, 0.0010000000474974513, 0.0010000000474974513, 0.0010000000474974513, 0.0010000000474974513, 0.0010000000474974513, 0.0005000000237487257, 0.0005000000237487257, 0.0005000000237487257, 0.0002500000118743628]}